"Council","Wellbeing support","Care and support","Setting","Staffing","Leadership"
"Angus",4.07142857142857,4.07142857142857,3.96428571428571,4.21428571428571,4.14285714285714
"Dundee City",4.53846153846154,4.24,4.48,4.36,4.23076923076923
"Fife",4.15068493150685,3.97222222222222,4.16666666666667,4.12328767123288,4.15068493150685
"Perth & Kinross",4.075,4,3.95,4.125,3.875
"Stirling",4.95,4.25,4.45,4.65,4.6
