"Council","Setting","Staffing","Leadership","Play and learning"
"Angus",4.58169934640523,4.63768115942029,4.43790849673203,4.58169934640523
"Dundee City",4.58695652173913,4.55737704918033,4.41007194244604,4.60144927536232
"Fife",4.59250585480094,4.56862745098039,4.42154566744731,4.56674473067916
"Perth & Kinross",4.51630434782609,4.55944055944056,4.34782608695652,4.51086956521739
"Stirling",4.63302752293578,4.65957446808511,4.45871559633028,4.65137614678899
