"Council","Wellbeing support","Care and support","Setting","Staffing","Leadership"
"Angus",4.17857142857143,4.21428571428571,3.96428571428571,4.21428571428571,4.25
"Dundee City",4.48148148148148,4.26923076923077,4.38461538461539,4.30769230769231,4.18518518518519
"Fife",4.10810810810811,3.93150684931507,4.16438356164384,4.02702702702703,4.12162162162162
"Perth & Kinross",3.95,3.975,3.875,4.1,3.775
"Stirling",4.80952380952381,4.23809523809524,4.42857142857143,4.66666666666667,4.57142857142857
