"Council","Wellbeing support","Care and support","Setting","Staffing","Leadership"
"Angus",4.12,4.24,3.96,4.16,4.24
"Dundee City",4.33333333333333,4.11538461538461,4.38461538461539,4.19230769230769,4.14814814814815
"Fife",4.05333333333333,3.93243243243243,4.08108108108108,4,4.12
"Perth & Kinross",3.90243902439024,3.92682926829268,3.90243902439024,4.02439024390244,3.82926829268293
"Stirling",4.68181818181818,4.22727272727273,4.45454545454545,4.5,4.54545454545455
