"Council","Wellbeing support","Care and support","Setting","Staffing","Leadership"
"Angus",4.03846153846154,4.15384615384615,4,4.03846153846154,4.19230769230769
"Dundee City",4.22222222222222,4.19230769230769,4.38461538461539,4.30769230769231,4.14814814814815
"Fife",4,3.90540540540541,4.09459459459459,3.97297297297297,4.10666666666667
"Perth & Kinross",3.92682926829268,3.92682926829268,3.92682926829268,4.04878048780488,3.75609756097561
"Stirling",4.68181818181818,4.22727272727273,4.45454545454545,4.5,4.54545454545455
