"Council","Wellbeing support","Care and support","Setting","Staffing","Leadership"
"Angus",4.11538461538461,4.19230769230769,3.96153846153846,4.26923076923077,4.19230769230769
"Dundee City",4.42857142857143,4.25925925925926,4.33333333333333,4.2962962962963,4.21428571428571
"Fife",4.13157894736842,3.93333333333333,4.16,4.04,4.11842105263158
"Perth & Kinross",3.90243902439024,3.95121951219512,3.90243902439024,4.09756097560976,3.78048780487805
"Stirling",4.81818181818182,4.22727272727273,4.45454545454545,4.54545454545455,4.5
