"Council","Setting","Staffing","Leadership","Play and learning"
"Angus",4.59493670886076,4.5985401459854,4.44303797468354,4.59493670886076
"Dundee City",4.56834532374101,4.53781512605042,4.4,4.58992805755396
"Fife",4.55092592592593,4.5406162464986,4.3912037037037,4.55324074074074
"Perth & Kinross",4.55080213903743,4.6056338028169,4.36898395721925,4.52941176470588
"Stirling",4.63963963963964,4.625,4.44144144144144,4.65765765765766
