"Council","Wellbeing support","Care and support","Setting","Staffing","Leadership"
"Angus",4.22222222222222,4.22222222222222,4,4.25925925925926,4.22222222222222
"Dundee City",4.44444444444444,4.23076923076923,4.34615384615385,4.26923076923077,4.22222222222222
"Fife",4.12987012987013,3.92105263157895,4.18421052631579,4.05263157894737,4.12987012987013
"Perth & Kinross",3.8780487804878,3.95121951219512,3.90243902439024,4.07317073170732,3.73170731707317
"Stirling",4.81818181818182,4.22727272727273,4.45454545454545,4.54545454545455,4.5
