"Council","Wellbeing support","Care and support","Setting","Staffing","Leadership"
"Angus",4.07142857142857,4.14285714285714,4.03571428571429,4.25,4.17857142857143
"Dundee City",4.48148148148148,4.26923076923077,4.42307692307692,4.38461538461539,4.22222222222222
"Fife",4.12162162162162,3.97260273972603,4.15068493150685,4.08108108108108,4.14864864864865
"Perth & Kinross",4.1,4.075,3.975,4.175,3.9
"Stirling",4.94736842105263,4.21052631578947,4.42105263157895,4.63157894736842,4.57894736842105
