"Council","Setting","Staffing","Leadership","Play and learning"
"Angus",4.625,4.59124087591241,4.4375,4.61875
"Dundee City",4.54929577464789,4.51666666666667,4.37762237762238,4.58450704225352
"Fife",4.54965357967667,4.53521126760563,4.37182448036951,4.55658198614319
"Perth & Kinross",4.53684210526316,4.58041958041958,4.34736842105263,4.51052631578947
"Stirling",4.63392857142857,4.63218390804598,4.45535714285714,4.66964285714286
