"Council","Setting","Staffing","Leadership","Play and learning"
"Angus",4.6,4.58695652173913,4.43125,4.59375
"Dundee City",4.54609929078014,4.51666666666667,4.38732394366197,4.57446808510638
"Fife",4.55045871559633,4.53760445682451,4.38302752293578,4.55504587155963
"Perth & Kinross",4.55080213903743,4.6,4.36363636363636,4.52941176470588
"Stirling",4.63063063063063,4.625,4.44144144144144,4.64864864864865
