"Council","Wellbeing support","Care and support","Setting","Staffing","Leadership"
"Angus",4.14285714285714,4.10714285714286,3.96428571428571,4.17857142857143,4.17857142857143
"Dundee City",4.48148148148148,4.26923076923077,4.42307692307692,4.30769230769231,4.22222222222222
"Fife",4.16216216216216,3.97260273972603,4.17808219178082,4.09459459459459,4.14864864864865
"Perth & Kinross",3.925,3.975,3.875,4.05,3.75
"Stirling",4.85,4.25,4.45,4.7,4.6
