"Council","Wellbeing support","Care and support","Setting","Staffing","Leadership"
"Angus",4.19230769230769,4.26923076923077,4.03846153846154,4.30769230769231,4.30769230769231
"Dundee City",4.44444444444444,4.23076923076923,4.38461538461539,4.26923076923077,4.22222222222222
"Fife",4.16,3.95945945945946,4.16216216216216,4.05405405405405,4.17333333333333
"Perth & Kinross",3.92682926829268,3.95121951219512,3.8780487804878,4.04878048780488,3.78048780487805
"Stirling",4.72727272727273,4.22727272727273,4.45454545454545,4.40909090909091,4.5
