"Council","Setting","Staffing","Leadership","Play and learning"
"Angus",4.6038961038961,4.64233576642336,4.46753246753247,4.6038961038961
"Dundee City",4.55395683453237,4.52892561983471,4.37857142857143,4.57553956834532
"Fife",4.5754060324826,4.55307262569832,4.40371229698376,4.54988399071926
"Perth & Kinross",4.53513513513514,4.5886524822695,4.37297297297297,4.51891891891892
"Stirling",4.66666666666667,4.66666666666667,4.4537037037037,4.68518518518519
