"Council","Setting","Staffing","Leadership","Play and learning"
"Angus",4.59477124183007,4.64285714285714,4.43790849673203,4.58169934640523
"Dundee City",4.59124087591241,4.55371900826446,4.41304347826087,4.59124087591241
"Fife",4.56674473067916,4.54419889502762,4.39812646370023,4.54332552693208
"Perth & Kinross",4.52717391304348,4.56551724137931,4.35326086956522,4.52173913043478
"Stirling",4.63888888888889,4.66315789473684,4.48148148148148,4.65740740740741
