"Council","Wellbeing support","Care and support","Setting","Staffing","Leadership"
"Angus",4.17857142857143,4.21428571428571,3.96428571428571,4.21428571428571,4.25
"Dundee City",4.48148148148148,4.26923076923077,4.38461538461539,4.30769230769231,4.18518518518519
"Fife",4.14473684210526,3.93333333333333,4.17333333333333,4.05263157894737,4.13157894736842
"Perth & Kinross",4,3.95121951219512,3.92682926829268,4.04878048780488,3.78048780487805
"Stirling",4.80952380952381,4.23809523809524,4.42857142857143,4.66666666666667,4.57142857142857
