"Council","Setting","Staffing","Leadership","Play and learning"
"Angus",4.63975155279503,4.59420289855072,4.42857142857143,4.61490683229814
"Dundee City",4.51048951048951,4.48760330578512,4.35416666666667,4.55244755244755
"Fife",4.54794520547945,4.54727793696275,4.37214611872146,4.57077625570776
"Perth & Kinross",4.53125,4.56737588652482,4.34375,4.515625
"Stirling",4.65765765765766,4.65060240963855,4.46846846846847,4.69369369369369
