"Council","Wellbeing support","Care and support","Setting","Staffing","Leadership"
"Angus",4.10714285714286,4.10714285714286,4,4.25,4.21428571428571
"Dundee City",4.48148148148148,4.26923076923077,4.46153846153846,4.38461538461539,4.22222222222222
"Fife",4.18918918918919,3.98630136986301,4.19178082191781,4.12162162162162,4.18918918918919
"Perth & Kinross",4.05,4,3.925,4.1,3.825
"Stirling",4.89473684210526,4.21052631578947,4.36842105263158,4.63157894736842,4.57894736842105
