"Council","Wellbeing support","Care and support","Setting","Staffing","Leadership"
"Angus",4.16,4.24,4.04,4.28,4.28
"Dundee City",4.44444444444444,4.23076923076923,4.38461538461539,4.26923076923077,4.22222222222222
"Fife",4.13513513513514,3.97260273972603,4.0958904109589,4.04109589041096,4.2027027027027
"Perth & Kinross",3.97560975609756,3.95121951219512,3.8780487804878,4.04878048780488,3.85365853658537
"Stirling",4.72727272727273,4.22727272727273,4.45454545454545,4.45454545454545,4.54545454545455
