"Council","Setting","Staffing","Leadership","Play and learning"
"Angus",4.59235668789809,4.63235294117647,4.45859872611465,4.61783439490446
"Dundee City",4.55714285714286,4.52892561983471,4.3758865248227,4.57857142857143
"Fife",4.57906976744186,4.55084745762712,4.40697674418605,4.55813953488372
"Perth & Kinross",4.54054054054054,4.5886524822695,4.37297297297297,4.52432432432432
"Stirling",4.6605504587156,4.66666666666667,4.45871559633028,4.68807339449541
