"Council","Setting","Staffing","Leadership","Play and learning"
"Angus",4.59493670886076,4.5985401459854,4.44303797468354,4.59493670886076
"Dundee City",4.56115107913669,4.53781512605042,4.4,4.58992805755396
"Fife",4.5661252900232,4.54775280898876,4.40139211136891,4.55916473317865
"Perth & Kinross",4.55913978494624,4.6241134751773,4.39247311827957,4.54301075268817
"Stirling",4.64864864864865,4.63636363636364,4.45045045045045,4.66666666666667
