"Council","Setting","Staffing","Leadership","Play and learning"
"Angus",4.6038961038961,4.64233576642336,4.45454545454545,4.59090909090909
"Dundee City",4.57553956834532,4.54918032786885,4.39285714285714,4.58992805755396
"Fife",4.58604651162791,4.56424581005587,4.41627906976744,4.56279069767442
"Perth & Kinross",4.52432432432432,4.56338028169014,4.36216216216216,4.50810810810811
"Stirling",4.65454545454545,4.66666666666667,4.44545454545455,4.68181818181818
