"Council","Setting","Staffing","Leadership","Play and learning"
"Angus",4.63125,4.58394160583942,4.43125,4.6125
"Dundee City",4.54225352112676,4.51666666666667,4.37762237762238,4.57746478873239
"Fife",4.55452436194896,4.54571428571429,4.38051044083527,4.56844547563805
"Perth & Kinross",4.53926701570681,4.58450704225352,4.35078534031414,4.51832460732984
"Stirling",4.65486725663717,4.63636363636364,4.45132743362832,4.66371681415929
