"Council","Setting","Staffing","Leadership","Play and learning"
"Angus",4.62111801242236,4.60583941605839,4.44099378881988,4.62111801242236
"Dundee City",4.53793103448276,4.49593495934959,4.38356164383562,4.58620689655172
"Fife",4.54503464203233,4.53221288515406,4.36951501154734,4.55196304849885
"Perth & Kinross",4.54010695187166,4.57857142857143,4.35294117647059,4.51336898395722
"Stirling",4.63063063063063,4.63218390804598,4.45945945945946,4.66666666666667
