"Council","Setting","Staffing","Leadership","Play and learning"
"Angus",4.60526315789474,4.65217391304348,4.45394736842105,4.59210526315789
"Dundee City",4.59259259259259,4.5546218487395,4.41911764705882,4.59259259259259
"Fife",4.56308411214953,4.54371584699454,4.39252336448598,4.53971962616822
"Perth & Kinross",4.52432432432432,4.56462585034014,4.34054054054054,4.51891891891892
"Stirling",4.63888888888889,4.66315789473684,4.48148148148148,4.65740740740741
