"Council","Wellbeing support","Care and support","Setting","Staffing","Leadership"
"Angus",4.21428571428571,4.21428571428571,3.96428571428571,4.25,4.25
"Dundee City",4.48148148148148,4.30769230769231,4.38461538461539,4.26923076923077,4.22222222222222
"Fife",4.15584415584416,3.92105263157895,4.18421052631579,4.05263157894737,4.15584415584416
"Perth & Kinross",3.92682926829268,3.95121951219512,3.90243902439024,4.07317073170732,3.73170731707317
"Stirling",4.77272727272727,4.22727272727273,4.45454545454545,4.54545454545455,4.5
