"Council","Setting","Staffing","Leadership","Play and learning"
"Aberdeen City",4.42922374429224,4.44508670520231,4.35454545454545,4.34246575342466
"Aberdeenshire",4.49295774647887,4.53289473684211,4.29014084507042,4.44225352112676
"Highland",4.35670731707317,4.375,4.21341463414634,4.36585365853659
"Moray",4.44604316546763,4.38317757009346,4.15827338129496,4.41726618705036
"Na h-Eileanan Siar",4.39285714285714,4.57692307692308,4.46428571428571,4.46428571428571
"Orkney Islands",4.57894736842105,4.61290322580645,4.43589743589744,4.60526315789474
"Shetland Islands",4.41379310344828,4.59259259259259,4.31034482758621,4.55172413793103
