"Council","Setting","Staffing","Leadership","Play and learning"
"Aberdeen City",4.43119266055046,4.44827586206897,4.35159817351598,4.3394495412844
"Aberdeenshire",4.48450704225352,4.52768729641694,4.29295774647887,4.43943661971831
"Highland",4.36728395061728,4.36194029850746,4.22222222222222,4.36111111111111
"Moray",4.45522388059702,4.4368932038835,4.2089552238806,4.45522388059702
"Na h-Eileanan Siar",4.35714285714286,4.53846153846154,4.39285714285714,4.42857142857143
"Orkney Islands",4.57894736842105,4.6,4.42105263157895,4.60526315789474
"Shetland Islands",4.41379310344828,4.62962962962963,4.3448275862069,4.55172413793103
