"Council","Wellbeing support","Care and support","Setting","Staffing","Leadership"
"Aberdeen City",4.27659574468085,4.17021276595745,4.1063829787234,4.36170212765957,4.23404255319149
"Aberdeenshire",4.18518518518519,4.14814814814815,4.24074074074074,4.2962962962963,4.24074074074074
"Highland",4.26666666666667,4.11666666666667,4.2,4.23333333333333,3.98333333333333
"Moray",4.25,4.33333333333333,4.33333333333333,4.5,4.5
"Na h-Eileanan Siar",3.875,4.125,4.75,4.25,3.875
"Orkney Islands",3.8,3.8,4.4,3.8,3.8
"Shetland Islands",3.5,4,3.9,3.8,3.4
