"Council","Setting","Staffing","Leadership","Play and learning"
"Aberdeen City",4.42035398230088,4.42441860465116,4.32599118942731,4.34070796460177
"Aberdeenshire",4.49476439790576,4.5048231511254,4.26178010471204,4.45026178010471
"Highland",4.40121580547113,4.43181818181818,4.27659574468085,4.4468085106383
"Moray",4.4822695035461,4.36274509803922,4.14893617021277,4.43971631205674
"Na h-Eileanan Siar",4.46428571428571,4.56,4.32142857142857,4.53571428571429
"Orkney Islands",4.56410256410256,4.57142857142857,4.38461538461539,4.61538461538461
"Shetland Islands",4.3448275862069,4.48148148148148,4.27586206896552,4.51724137931035
