"Council","Wellbeing support","Care and support","Setting","Staffing","Leadership"
"Aberdeen City",4.31914893617021,4.19148936170213,4.12765957446809,4.38297872340426,4.14893617021277
"Aberdeenshire",4.17857142857143,4.125,4.26785714285714,4.25,4.19642857142857
"Highland",4.25,4.1,4.25,4.28333333333333,3.98333333333333
"Moray",4.21428571428571,4.35714285714286,4.21428571428571,4.28571428571429,4.57142857142857
"Na h-Eileanan Siar",3.75,4,4.625,4,3.625
"Orkney Islands",3.6,4,4,4,3.8
"Shetland Islands",3.6,4,3.9,3.9,3.4
