"Council","Wellbeing support","Care and support","Setting","Staffing","Leadership"
"Aberdeen City",4.22,4.14,4.02,4.3,4.2
"Aberdeenshire",4.12280701754386,4.21052631578947,4.15789473684211,4.28070175438596,4.15789473684211
"Highland",4.31147540983607,4.21311475409836,4.27868852459016,4.29508196721311,4.0983606557377
"Moray",4.2,4.26666666666667,4.13333333333333,4.33333333333333,4.46666666666667
"Na h-Eileanan Siar",3.88888888888889,4.11111111111111,4.66666666666667,4.22222222222222,3.77777777777778
"Orkney Islands",4,4.4,4.2,4.2,4.2
"Shetland Islands",4,4.7,4.2,4.1,4
