"Council","Wellbeing support","Care and support","Setting","Staffing","Leadership"
"Aberdeen City",4.06,4.04,3.88,4.16,4.06
"Aberdeenshire",4.01639344262295,4.24590163934426,4.14754098360656,4.24590163934426,4.18032786885246
"Highland",4.31666666666667,4.25423728813559,4.28813559322034,4.28813559322034,4.1
"Moray",4.125,4.1875,4.0625,4.125,4.25
"Na h-Eileanan Siar",4,4.11111111111111,4.66666666666667,4.22222222222222,3.88888888888889
"Orkney Islands",4,4.4,4.2,4.2,4.2
"Shetland Islands",3.9,4.7,4.2,4,4
