"Council","Setting","Staffing","Leadership","Play and learning"
"Aberdeen City",4.44748858447489,4.44242424242424,4.34545454545455,4.37442922374429
"Aberdeenshire",4.49329758713137,4.4983498349835,4.24664879356568,4.44772117962466
"Highland",4.3951367781155,4.42045454545455,4.27963525835866,4.44072948328267
"Moray",4.48591549295775,4.34313725490196,4.15492957746479,4.44366197183099
"Na h-Eileanan Siar",4.46428571428571,4.52,4.32142857142857,4.5
"Orkney Islands",4.58974358974359,4.59259259259259,4.38461538461539,4.64102564102564
"Shetland Islands",4.41379310344828,4.48148148148148,4.27586206896552,4.51724137931035
