"Council","Wellbeing support","Care and support","Setting","Staffing","Leadership"
"Aberdeen City",4.27083333333333,4.14583333333333,4.0625,4.35416666666667,4.16666666666667
"Aberdeenshire",4.19642857142857,4.19642857142857,4.25,4.30357142857143,4.19642857142857
"Highland",4.21666666666667,4.16666666666667,4.28333333333333,4.31666666666667,4.08333333333333
"Moray",4.2,4.26666666666667,4.13333333333333,4.33333333333333,4.46666666666667
"Na h-Eileanan Siar",4,4.11111111111111,4.66666666666667,4.33333333333333,3.88888888888889
"Orkney Islands",3.6,4,4,3.8,3.8
"Shetland Islands",3.7,4.4,4,3.9,3.8
