"Council","Setting","Staffing","Leadership","Play and learning"
"Aberdeen City",4.42342342342342,4.45294117647059,4.34529147982063,4.34234234234234
"Aberdeenshire",4.5,4.50825082508251,4.2554347826087,4.45108695652174
"Highland",4.37237237237237,4.40520446096654,4.24024024024024,4.40840840840841
"Moray",4.46853146853147,4.35576923076923,4.16083916083916,4.41958041958042
"Na h-Eileanan Siar",4.35714285714286,4.57692307692308,4.35714285714286,4.5
"Orkney Islands",4.58974358974359,4.57142857142857,4.41025641025641,4.58974358974359
"Shetland Islands",4.37931034482759,4.51851851851852,4.27586206896552,4.51724137931035
