"Council","Setting","Staffing","Leadership","Play and learning"
"Aberdeen City",4.42081447963801,4.41040462427746,4.33783783783784,4.33031674208145
"Aberdeenshire",4.49162011173184,4.53465346534653,4.28212290502793,4.44692737430168
"Highland",4.35365853658537,4.3690036900369,4.20121951219512,4.36280487804878
"Moray",4.43165467625899,4.38317757009346,4.15107913669065,4.41007194244604
"Na h-Eileanan Siar",4.42857142857143,4.57692307692308,4.46428571428571,4.5
"Orkney Islands",4.57894736842105,4.6,4.42105263157895,4.60526315789474
"Shetland Islands",4.41379310344828,4.59259259259259,4.31034482758621,4.55172413793103
