"Council","Wellbeing support","Care and support","Setting","Staffing","Leadership"
"Aberdeen City",4.31914893617021,4.19148936170213,4.12765957446809,4.38297872340426,4.23404255319149
"Aberdeenshire",4.16363636363636,4.14545454545455,4.25454545454545,4.23636363636364,4.2
"Highland",4.26666666666667,4.1,4.23333333333333,4.3,4
"Moray",4.21428571428571,4.28571428571429,4.28571428571429,4.35714285714286,4.5
"Na h-Eileanan Siar",3.75,4,4.75,4.25,3.75
"Orkney Islands",3.6,3.8,4.2,4.2,3.8
"Shetland Islands",3.6,4,3.9,3.9,3.4
