"Council","Wellbeing support","Care and support","Setting","Staffing","Leadership"
"Aberdeen City",4.14,4.06,3.96,4.2,4.08
"Aberdeenshire",4.13559322033898,4.27118644067797,4.15254237288136,4.33898305084746,4.23728813559322
"Highland",4.26666666666667,4.18333333333333,4.3,4.23333333333333,4.08333333333333
"Moray",4.1875,4.3125,4.125,4.3125,4.375
"Na h-Eileanan Siar",3.88888888888889,4.11111111111111,4.66666666666667,4.22222222222222,3.77777777777778
"Orkney Islands",4,4.4,4.2,4.2,4.2
"Shetland Islands",4,4.7,4.2,4.1,4
