"Council","Setting","Staffing","Leadership","Play and learning"
"Aberdeen City",4.40358744394619,4.39884393063584,4.30803571428571,4.31390134529148
"Aberdeenshire",4.48888888888889,4.53,4.26666666666667,4.44444444444444
"Highland",4.35240963855422,4.39338235294118,4.21084337349398,4.37349397590361
"Moray",4.42253521126761,4.34905660377358,4.12676056338028,4.37323943661972
"Na h-Eileanan Siar",4.35714285714286,4.57692307692308,4.35714285714286,4.5
"Orkney Islands",4.57894736842105,4.57142857142857,4.44736842105263,4.60526315789474
"Shetland Islands",4.37931034482759,4.51851851851852,4.27586206896552,4.51724137931035
