"Council","Wellbeing support","Care and support","Setting","Staffing","Leadership"
"Aberdeen City",4.2,4.12,4.04,4.28,4.18
"Aberdeenshire",4.12280701754386,4.21052631578947,4.15789473684211,4.28070175438596,4.15789473684211
"Highland",4.25,4.2,4.28333333333333,4.33333333333333,4.11666666666667
"Moray",4.2,4.26666666666667,4.13333333333333,4.33333333333333,4.46666666666667
"Na h-Eileanan Siar",3.88888888888889,4.11111111111111,4.66666666666667,4.22222222222222,3.77777777777778
"Orkney Islands",3.6,4,4,3.8,3.8
"Shetland Islands",3.7,4.4,4,3.9,3.8
