"Council","Setting","Staffing","Leadership","Play and learning"
"Aberdeen City",4.42342342342342,4.44767441860465,4.34529147982063,4.34234234234234
"Aberdeenshire",4.49447513812155,4.51986754966887,4.25966850828729,4.43922651933702
"Highland",4.34534534534535,4.39852398523985,4.21621621621622,4.38138138138138
"Moray",4.47517730496454,4.35576923076923,4.17021276595745,4.43262411347518
"Na h-Eileanan Siar",4.35714285714286,4.57692307692308,4.35714285714286,4.5
"Orkney Islands",4.57894736842105,4.57142857142857,4.42105263157895,4.57894736842105
"Shetland Islands",4.37931034482759,4.51851851851852,4.27586206896552,4.51724137931035
