"Council","Setting","Staffing","Leadership","Play and learning"
"Aberdeen City",4.41704035874439,4.43352601156069,4.32142857142857,4.33183856502242
"Aberdeenshire",4.49166666666667,4.53156146179402,4.27222222222222,4.44722222222222
"Highland",4.35240963855422,4.4037037037037,4.21987951807229,4.38253012048193
"Moray",4.45774647887324,4.37142857142857,4.16901408450704,4.42253521126761
"Na h-Eileanan Siar",4.35714285714286,4.57692307692308,4.35714285714286,4.5
"Orkney Islands",4.57894736842105,4.57142857142857,4.42105263157895,4.57894736842105
"Shetland Islands",4.37931034482759,4.51851851851852,4.27586206896552,4.51724137931035
