"Council","Setting","Staffing","Leadership","Play and learning"
"Aberdeen City",4.4375,4.4,4.34222222222222,4.39285714285714
"Aberdeenshire",4.49202127659574,4.47840531561462,4.22074468085106,4.43882978723404
"Highland",4.40606060606061,4.4,4.30606060606061,4.46666666666667
"Moray",4.46762589928058,4.34042553191489,4.16546762589928,4.45323741007194
"Na h-Eileanan Siar",4.6,4.58333333333333,4.53333333333333,4.6
"Orkney Islands",4.55263157894737,4.57692307692308,4.36842105263158,4.63157894736842
"Shetland Islands",4.44827586206897,4.48148148148148,4.27586206896552,4.51724137931035
