"Council","Wellbeing support","Care and support","Setting","Staffing","Leadership"
"Aberdeen City",4.28571428571429,4.18367346938776,4.04081632653061,4.3265306122449,4.26530612244898
"Aberdeenshire",4.15789473684211,4.21052631578947,4.17543859649123,4.29824561403509,4.19298245614035
"Highland",4.25,4.18333333333333,4.28333333333333,4.35,4.1
"Moray",4.2,4.26666666666667,4.13333333333333,4.33333333333333,4.46666666666667
"Na h-Eileanan Siar",4,4.11111111111111,4.66666666666667,4.33333333333333,3.88888888888889
"Orkney Islands",3.6,4,4,3.8,3.8
"Shetland Islands",3.7,4.4,4,3.9,3.8
