"Council","Wellbeing support","Care and support","Setting","Staffing","Leadership"
"Aberdeen City",4.06,4.02,3.9,4.14,4.06
"Aberdeenshire",4.10169491525424,4.25423728813559,4.15254237288136,4.30508474576271,4.22033898305085
"Highland",4.26666666666667,4.1864406779661,4.28813559322034,4.23728813559322,4.06666666666667
"Moray",4.125,4.1875,4.0625,4.125,4.25
"Na h-Eileanan Siar",4,4.11111111111111,4.66666666666667,4.22222222222222,3.88888888888889
"Orkney Islands",4,4.4,4.2,4.2,4.2
"Shetland Islands",3.9,4.7,4.2,4,4
