"Council","Setting","Staffing","Leadership","Play and learning"
"Aberdeen City",4.44090909090909,4.44642857142857,4.34841628959276,4.35454545454545
"Aberdeenshire",4.49597855227882,4.5016393442623,4.24932975871314,4.44504021447721
"Highland",4.38484848484848,4.41729323308271,4.25757575757576,4.42727272727273
"Moray",4.47552447552448,4.35576923076923,4.16083916083916,4.42657342657343
"Na h-Eileanan Siar",4.46428571428571,4.56,4.32142857142857,4.53571428571429
"Orkney Islands",4.58974358974359,4.57142857142857,4.41025641025641,4.61538461538461
"Shetland Islands",4.3448275862069,4.48148148148148,4.27586206896552,4.51724137931035
