"Council","Setting","Staffing","Leadership","Play and learning"
"Aberdeen City",4.44843049327354,4.42771084337349,4.34821428571429,4.38565022421525
"Aberdeenshire",4.49333333333333,4.49501661129568,4.224,4.45066666666667
"Highland",4.41389728096677,4.43511450381679,4.29909365558912,4.45317220543807
"Moray",4.48936170212766,4.35643564356436,4.16312056737589,4.45390070921986
"Na h-Eileanan Siar",4.62068965517241,4.54166666666667,4.41379310344828,4.58620689655172
"Orkney Islands",4.55263157894737,4.57692307692308,4.36842105263158,4.63157894736842
"Shetland Islands",4.44827586206897,4.48148148148148,4.27586206896552,4.51724137931035
