"Council","Wellbeing support","Care and support","Setting","Staffing","Leadership"
"Aberdeen City",4.25531914893617,4.08510638297872,4.08510638297872,4.31914893617021,4.12765957446809
"Aberdeenshire",4.16071428571429,4.125,4.25,4.25,4.17857142857143
"Highland",4.22033898305085,4.11864406779661,4.25423728813559,4.30508474576271,4.03389830508475
"Moray",4.2,4.26666666666667,4.13333333333333,4.33333333333333,4.46666666666667
"Na h-Eileanan Siar",4,4,4.55555555555556,4,3.66666666666667
"Orkney Islands",3.6,4,4,3.8,3.8
"Shetland Islands",3.8,4.2,4.1,4,3.7
