"Council","Wellbeing support","Care and support","Setting","Staffing","Leadership"
"Aberdeen City",4.29787234042553,4.17021276595745,4.06382978723404,4.34042553191489,4.19148936170213
"Aberdeenshire",4.24528301886792,4.18867924528302,4.24528301886792,4.32075471698113,4.30188679245283
"Highland",4.31034482758621,4.17241379310345,4.20689655172414,4.27586206896552,4.03448275862069
"Moray",4.25,4.33333333333333,4.33333333333333,4.5,4.5
"Na h-Eileanan Siar",3.875,4.125,4.75,4.25,3.875
"Orkney Islands",4,4,4.4,3.8,4.2
"Shetland Islands",3.7,4.1,4.1,3.9,3.4
