"Council","Setting","Staffing","Leadership","Play and learning"
"Aberdeen City",4.44796380090498,4.40123456790123,4.34684684684685,4.38461538461539
"Aberdeenshire",4.49470899470899,4.48684210526316,4.22222222222222,4.44973544973545
"Highland",4.40963855421687,4.42471042471042,4.31325301204819,4.46686746987952
"Moray",4.48201438848921,4.36082474226804,4.1726618705036,4.46762589928058
"Na h-Eileanan Siar",4.58620689655172,4.58333333333333,4.51724137931035,4.58620689655172
"Orkney Islands",4.55263157894737,4.57692307692308,4.36842105263158,4.63157894736842
"Shetland Islands",4.44827586206897,4.48148148148148,4.27586206896552,4.51724137931035
