"Council","Wellbeing support","Care and support","Setting","Staffing","Leadership"
"Aberdeen City",4.02,4.04,3.96,4.12,4.06
"Aberdeenshire",4.01639344262295,4.27868852459016,4.16393442622951,4.27868852459016,4.18032786885246
"Highland",4.3,4.22413793103448,4.25862068965517,4.25862068965517,4.08333333333333
"Moray",4.0625,4.125,4.0625,4.0625,4.1875
"Na h-Eileanan Siar",4,4.11111111111111,4.66666666666667,4.22222222222222,3.88888888888889
"Orkney Islands",4,4.4,4.2,4.2,4.2
"Shetland Islands",3.9,4.7,4.2,4,4
