"Council","Wellbeing support","Care and support","Setting","Staffing","Leadership"
"Aberdeen City",4.18,4.1,3.98,4.26,4.16
"Aberdeenshire",4.17241379310345,4.25862068965517,4.17241379310345,4.31034482758621,4.22413793103448
"Highland",4.3,4.2,4.28333333333333,4.26666666666667,4.1
"Moray",4.2,4.26666666666667,4.13333333333333,4.33333333333333,4.4
"Na h-Eileanan Siar",3.88888888888889,4.11111111111111,4.66666666666667,4.22222222222222,3.77777777777778
"Orkney Islands",4,4.4,4.2,4.2,4.2
"Shetland Islands",4,4.7,4.2,4.1,4
